posicao,score,compatibilidade,nivel,titulo,empresa,localizacao,fonte,link,matches
1,7,MEDIA,estagiario,Estagiáriode Suporte e Infraestrutura deTI,Nao informado,Nao informado,Vagas.com,https://www.vagas.com.br/vagas/v2817141/estagiario-de-suporte-e-infraestrutura-de-ti,suporte; nivel:estagiario; area:TI
2,5,BAIXA,estagiario,EstágioNível Superior e  Técnico| Montes Claros - MG,Nao informado,Nao informado,Vagas.com,https://www.vagas.com.br/vagas/v2813913/estagio-nivel-superior-e-tecnico-montes-claros-mg,tecnico; nivel:estagiario
3,4,BAIXA,estagiario,EstágioemTI- Desenvolvimento,Nao informado,Nao informado,Vagas.com,https://www.vagas.com.br/vagas/v2817642/estagio-em-ti-desenvolvimento,nivel:estagiario; area:TI
4,4,BAIXA,estagiario,EstágioemTI(Inteligência Artificial),Nao informado,Nao informado,Vagas.com,https://www.vagas.com.br/vagas/v2819860/estagio-em-ti-inteligencia-artificial,nivel:estagiario; area:TI
5,4,BAIXA,estagiario,Estagiário(a) em Engenharia eTecnologia- Barra da Tijuca/RJ,Nao informado,Nao informado,Vagas.com,https://www.vagas.com.br/vagas/v2814854/estagiario-a-em-engenharia-e-tecnologia-barra-da-tijuca-rj,nivel:estagiario; area:TI
6,4,BAIXA,estagiario,EstágioNível Superior -TI| Montes Claros,Nao informado,Nao informado,Vagas.com,https://www.vagas.com.br/vagas/v2815812/estagio-nivel-superior-ti-montes-claros,nivel:estagiario; area:TI
7,4,BAIXA,estagiario,Jovem Aprendiz emTI,Nao informado,Nao informado,Vagas.com,https://www.vagas.com.br/vagas/v2812645/jovem-aprendiz-em-ti,nivel:estagiario; area:TI
8,4,BAIXA,estagiario,EstagiarioNível Superior - Administrativo Comercial,Nao informado,Nao informado,Vagas.com,https://www.vagas.com.br/vagas/v2814021/estagiario-nivel-superior-administrativo-comercial,nivel:estagiario; area:TI
9,4,BAIXA,estagiario,Student Trainee (Information Technology) - CES Intern,Defense Information Systems Agency,"Fort George G. Meade, Maryland, Estados Unidos",LinkedIn,https://www.linkedin.com/jobs/view/student-trainee-information-technology-ces-intern-at-defense-information-systems-agency-4426250087?position=44&pageNum=0&refId=NBZYYso6Hnh70a8%2BbOZRVg%3D%3D&trackingId=w4iKgGF08HigmJI1tx8c7w%3D%3D,nivel:estagiario; area:TI
10,4,BAIXA,estagiario,Aprendiz Administrativo,Grupo Technocoat,"Costa Mesa, Califórnia, Estados Unidos",LinkedIn,https://www.linkedin.com/jobs/view/aprendiz-administrativo-at-grupo-technocoat-4417122766?position=49&pageNum=0&refId=NBZYYso6Hnh70a8%2BbOZRVg%3D%3D&trackingId=Q4SryQyC96zSkRgO6F3cPA%3D%3D,nivel:estagiario; area:TI
11,4,BAIXA,nao_informado,TécnicodeSuporteJ - Service Desk - Corporativo RJ,Nao informado,Nao informado,Vagas.com,https://www.vagas.com.br/vagas/v2815497/tecnico-de-suporte-j-service-desk-corporativo-rj,suporte*; tecnico*; area:TI
12,3,BAIXA,nao_informado,SuporteAdministrativo,Nao informado,Nao informado,Vagas.com,https://www.vagas.com.br/vagas/v2819085/suporte-administrativo,suporte*; area:TI
13,3,BAIXA,nao_informado,Analista deSuportede TI / Infraestrutura,Nao informado,Nao informado,Vagas.com,https://www.vagas.com.br/vagas/v2818625/analista-de-suporte-de-ti-infraestrutura,suporte*; area:TI
14,3,BAIXA,nao_informado,Técnicode Utilidades,Nao informado,Nao informado,Vagas.com,https://www.vagas.com.br/vagas/v2817357/tecnico-de-utilidades,tecnico*; area:TI
15,3,BAIXA,nao_informado,TécnicoAdministrativo V027424,Nao informado,Nao informado,Vagas.com,https://www.vagas.com.br/vagas/v2819205/tecnico-administrativo-v027424,tecnico*; area:TI
16,3,BAIXA,nao_informado,TécnicoAdministrativo V027424,Nao informado,Nao informado,Vagas.com,https://www.vagas.com.br/vagas/v2818914/tecnico-administrativo-v027424,tecnico*; area:TI
17,3,BAIXA,nao_informado,Técnicode Informatica N1,Nao informado,Nao informado,Vagas.com,https://www.vagas.com.br/vagas/v2816135/tecnico-de-informatica-n1,tecnico*; area:TI
18,2,MINIMA,estagiario,Estágio-Tecnologiada Informação,Nao informado,Nao informado,Vagas.com,https://www.vagas.com.br/vagas/v2819464/estagio-tecnologia-da-informacao,nivel:estagiario
19,2,MINIMA,estagiario,Estágio-Tecnologiada Informação (Sistemas),Nao informado,Nao informado,Vagas.com,https://www.vagas.com.br/vagas/v2816885/estagio-tecnologia-da-informacao-sistemas,nivel:estagiario
20,2,MINIMA,estagiario,Estágioem Engenharia deTecnologiae Processos,Nao informado,Nao informado,Vagas.com,https://www.vagas.com.br/vagas/v2819024/estagio-em-engenharia-de-tecnologia-e-processos,nivel:estagiario
21,2,MINIMA,estagiario,Programa deEstágio2026 - Projetos de Inteligência | Sistemas de Informação - Ciência daComputação,Nao informado,Nao informado,Vagas.com,https://www.vagas.com.br/vagas/v2819158/programa-de-estagio-2026-projetos-de-inteligencia-sistemas-de-informacao-ciencia-da-computacao-engenharia,nivel:estagiario
22,2,MINIMA,estagiario,Programa deEstágioB3 - 2026,Nao informado,Nao informado,Vagas.com,https://www.vagas.com.br/vagas/v2783038/programa-de-estagio-b3-2026,nivel:estagiario
23,2,MINIMA,estagiario,Estagiário- Engenharias,Nao informado,Nao informado,Vagas.com,https://www.vagas.com.br/vagas/v2818124/estagiario-engenharias,nivel:estagiario
24,2,MINIMA,estagiario,Estagiário(a) de Projetos,Nao informado,Nao informado,Vagas.com,https://www.vagas.com.br/vagas/v2817933/estagiario-a-de-projetos,nivel:estagiario
25,2,MINIMA,estagiario,Banco TalentosEstágio,Nao informado,Nao informado,Vagas.com,https://www.vagas.com.br/vagas/v2817434/banco-talentos-estagio,nivel:estagiario
26,2,MINIMA,estagiario,Estágiode Telecomunicações (Core),Nao informado,Nao informado,Vagas.com,https://www.vagas.com.br/vagas/v2815525/estagio-de-telecomunicacoes-core,nivel:estagiario
27,2,MINIMA,estagiario,Estágioem Service Desk,Nao informado,Nao informado,Vagas.com,https://www.vagas.com.br/vagas/v2818112/estagio-em-service-desk,nivel:estagiario
28,2,MINIMA,estagiario,Estagiário(a) em Análise de Dados e Power Bi,Nao informado,Nao informado,Vagas.com,https://www.vagas.com.br/vagas/v2819740/estagiario-a-em-analise-de-dados-e-power-bi,nivel:estagiario
29,2,MINIMA,estagiario,Jovem Aprendiz - João Pessoa - PB,Nao informado,Nao informado,Vagas.com,https://www.vagas.com.br/vagas/v2816909/jovem-aprendiz-joao-pessoa-pb,nivel:estagiario
30,2,MINIMA,nao_informado,Auxiliar Administrativo,Nao informado,Nao informado,Vagas.com,https://www.vagas.com.br/vagas/v2818190/auxiliar-administrativo,area:TI
31,2,MINIMA,estagiario,JovemAprendiz,Nao informado,Nao informado,Vagas.com,https://www.vagas.com.br/vagas/v2802371/jovem-aprendiz,nivel:estagiario
32,2,MINIMA,estagiario,JovemAprendiz,Nao informado,Nao informado,Vagas.com,https://www.vagas.com.br/vagas/v2814374/jovem-aprendiz,nivel:estagiario
33,2,MINIMA,nao_informado,IT Apprentice,Catalyte,"South Chicago, Ilinóis, Estados Unidos",LinkedIn,https://www.linkedin.com/jobs/view/it-apprentice-at-catalyte-4414005782?position=1&pageNum=0&refId=NBZYYso6Hnh70a8%2BbOZRVg%3D%3D&trackingId=TOfGaQa%2F89hXa7%2F82IFLkw%3D%3D,area:TI
34,2,MINIMA,estagiario,Cybersecurity Training Center Trainee,Cybertection LLC,"Stevensville, Maryland, Estados Unidos",LinkedIn,https://www.linkedin.com/jobs/view/cybersecurity-training-center-trainee-at-cybertection-llc-4400946383?position=2&pageNum=0&refId=NBZYYso6Hnh70a8%2BbOZRVg%3D%3D&trackingId=GBrlqGUmFVjucv1tuZDCJw%3D%3D,nivel:estagiario
35,2,MINIMA,nao_informado,"Information Technology Apprenticeship, Cyber Security",Kennesaw State University,"Kennesaw, Geórgia, Estados Unidos",LinkedIn,https://www.linkedin.com/jobs/view/information-technology-apprenticeship-cyber-security-at-kennesaw-state-university-4413649730?position=3&pageNum=0&refId=NBZYYso6Hnh70a8%2BbOZRVg%3D%3D&trackingId=AdssFvTNFfeWJX2IfSi1Fg%3D%3D,area:TI
36,2,MINIMA,nao_informado,System Support Technician Apprentice,IBM,"Rochester, Minesota, Estados Unidos",LinkedIn,https://www.linkedin.com/jobs/view/system-support-technician-apprentice-at-ibm-4413313844?position=4&pageNum=0&refId=NBZYYso6Hnh70a8%2BbOZRVg%3D%3D&trackingId=YDfD%2BUxI0V2shheKou8FsQ%3D%3D,area:TI
37,2,MINIMA,junior,Jr. IT/ Cyber Security Analyst (Apprentice),"Tech-Marine Business, Inc. (TMB)","Washington, Distrito de Colúmbia, Estados Unidos",LinkedIn,https://www.linkedin.com/jobs/view/jr-it-cyber-security-analyst-apprentice-at-tech-marine-business-inc-tmb-4391575454?position=5&pageNum=0&refId=NBZYYso6Hnh70a8%2BbOZRVg%3D%3D&trackingId=t%2BebIxgUNRnweWtKLBPQ6w%3D%3D,area:TI
38,2,MINIMA,nao_informado,"Information Technology Apprenticeship, Cyber Security",Inside Higher Ed,"Kennesaw, Geórgia, Estados Unidos",LinkedIn,https://www.linkedin.com/jobs/view/information-technology-apprenticeship-cyber-security-at-inside-higher-ed-4418476483?position=6&pageNum=0&refId=NBZYYso6Hnh70a8%2BbOZRVg%3D%3D&trackingId=XBQxz5Gz%2B8w%2FEyZjP3cmSw%3D%3D,area:TI
39,2,MINIMA,nao_informado,"Information Technology Apprenticeship, IT Service Desk Operations",Kennesaw State University,"Kennesaw, Geórgia, Estados Unidos",LinkedIn,https://www.linkedin.com/jobs/view/information-technology-apprenticeship-it-service-desk-operations-at-kennesaw-state-university-4413200000?position=7&pageNum=0&refId=NBZYYso6Hnh70a8%2BbOZRVg%3D%3D&trackingId=uqfQ4L8p%2BPhBHOLw4Fx9%2BA%3D%3D,area:TI
40,2,MINIMA,nao_informado,Cybersecurity Analyst Apprentice,IBM,"Nova York, Estados Unidos",LinkedIn,https://www.linkedin.com/jobs/view/cybersecurity-analyst-apprentice-at-ibm-4417968815?position=8&pageNum=0&refId=NBZYYso6Hnh70a8%2BbOZRVg%3D%3D&trackingId=MlxrpBeQI3SJSBgRmn2cZw%3D%3D,area:TI
41,2,MINIMA,nao_informado,"Global Tech Apprentice Program – Tech Analyst - Jersey City, NJ and New York, NY",Bank of America,"Nova York, Nova York, Estados Unidos",LinkedIn,https://www.linkedin.com/jobs/view/global-tech-apprentice-program-%E2%80%93-tech-analyst-jersey-city-nj-and-new-york-ny-at-bank-of-america-4425637485?position=9&pageNum=0&refId=NBZYYso6Hnh70a8%2BbOZRVg%3D%3D&trackingId=3vOb1Ovb7bSeeWVqSV%2F9Qw%3D%3D,area:TI
42,2,MINIMA,nao_informado,"Global Tech Apprentice Program – Tech Analyst - Jersey City, NJ and New York, NY",Bank of America,"Jersey City, Nova Jersey, Estados Unidos",LinkedIn,https://www.linkedin.com/jobs/view/global-tech-apprentice-program-%E2%80%93-tech-analyst-jersey-city-nj-and-new-york-ny-at-bank-of-america-4425634535?position=10&pageNum=0&refId=NBZYYso6Hnh70a8%2BbOZRVg%3D%3D&trackingId=xcSq2lSsMnfd120xCS8FaA%3D%3D,area:TI
43,2,MINIMA,nao_informado,"Information Technology Apprenticeship, IT Service Desk Operations",Inside Higher Ed,"Kennesaw, Geórgia, Estados Unidos",LinkedIn,https://www.linkedin.com/jobs/view/information-technology-apprenticeship-it-service-desk-operations-at-inside-higher-ed-4413976029?position=11&pageNum=0&refId=NBZYYso6Hnh70a8%2BbOZRVg%3D%3D&trackingId=hy1zhJcLqW4kuEuzKnQe3g%3D%3D,area:TI
44,2,MINIMA,estagiario,IT Professional Trainee I,City of Santa Fe Springs,"Eureka, Nevada, Estados Unidos",LinkedIn,https://www.linkedin.com/jobs/view/it-professional-trainee-i-at-city-of-santa-fe-springs-4422215998?position=12&pageNum=0&refId=NBZYYso6Hnh70a8%2BbOZRVg%3D%3D&trackingId=zIrizTaKSLdaNP1WVjFY%2Fg%3D%3D,nivel:estagiario
45,2,MINIMA,estagiario,Intern Trainee - NY,Atlas Technica,"Nova York, Nova York, Estados Unidos",LinkedIn,https://www.linkedin.com/jobs/view/intern-trainee-ny-at-atlas-technica-4422181203?position=13&pageNum=0&refId=NBZYYso6Hnh70a8%2BbOZRVg%3D%3D&trackingId=hWWvX33DIYY%2FAZNp8jpCTA%3D%3D,nivel:estagiario
46,2,MINIMA,nao_informado,Technology Apprentice,Catalyte,"Chicago, Ilinóis, Estados Unidos",LinkedIn,https://www.linkedin.com/jobs/view/technology-apprentice-at-catalyte-4414001954?position=16&pageNum=0&refId=NBZYYso6Hnh70a8%2BbOZRVg%3D%3D&trackingId=MgI1tAbe%2F%2BPbuw1UeOvGvQ%3D%3D,area:TI
47,2,MINIMA,nao_informado,IT Computer Lab Apprentice,Liberty University,"Lynchburg, Virgínia, Estados Unidos",LinkedIn,https://www.linkedin.com/jobs/view/it-computer-lab-apprentice-at-liberty-university-4417757452?position=17&pageNum=0&refId=NBZYYso6Hnh70a8%2BbOZRVg%3D%3D&trackingId=tfUb1dOjIKaE3bAu3LxQAw%3D%3D,area:TI
48,2,MINIMA,estagiario,IT Trainee,Charles IT,"Middletown, Connecticut, Estados Unidos",LinkedIn,https://www.linkedin.com/jobs/view/it-trainee-at-charles-it-4413343851?position=18&pageNum=0&refId=NBZYYso6Hnh70a8%2BbOZRVg%3D%3D&trackingId=ItUc8o20bR5cJUs5kpevBA%3D%3D,nivel:estagiario
49,2,MINIMA,nao_informado,Student Technical Support Specialist (Part-Time),The Church of Jesus Christ of Latter-day Saints,"Salt Lake City, Utah, Estados Unidos",LinkedIn,https://www.linkedin.com/jobs/view/student-technical-support-specialist-part-time-at-the-church-of-jesus-christ-of-latter-day-saints-4424460706?position=20&pageNum=0&refId=NBZYYso6Hnh70a8%2BbOZRVg%3D%3D&trackingId=r3fwKGYhg1gM0fFXDkdfig%3D%3D,area:TI
50,2,MINIMA,nao_informado,IT Help Desk Tier 1,DEX Imaging,"Tampa, Flórida, Estados Unidos",LinkedIn,https://www.linkedin.com/jobs/view/it-help-desk-tier-1-at-dex-imaging-4425637687?position=22&pageNum=0&refId=NBZYYso6Hnh70a8%2BbOZRVg%3D%3D&trackingId=7b675UCrkspiAGsjrJu0LA%3D%3D,area:TI
51,2,MINIMA,nao_informado,IT Apprentice,Michelin,"Asheboro, Carolina do Norte, Estados Unidos",LinkedIn,https://www.linkedin.com/jobs/view/it-apprentice-at-michelin-4425856070?position=24&pageNum=0&refId=NBZYYso6Hnh70a8%2BbOZRVg%3D%3D&trackingId=An2AoqpeCylq49XSdbHl6Q%3D%3D,area:TI
52,2,MINIMA,nao_informado,IT Support Specialist (Part-Time),Sol de Janeiro,Nova Iorque e Região,LinkedIn,https://www.linkedin.com/jobs/view/it-support-specialist-part-time-at-sol-de-janeiro-4388509300?position=26&pageNum=0&refId=NBZYYso6Hnh70a8%2BbOZRVg%3D%3D&trackingId=mj7hq6Np%2Br4Qp5aWLAdB5w%3D%3D,area:TI
53,2,MINIMA,nao_informado,Cyber Engineering Apprentice — Paid Career-Change Program (No Tech Background Required),Bletchley Fellowship,Estados Unidos,LinkedIn,https://www.linkedin.com/jobs/view/cyber-engineering-apprentice-%E2%80%94-paid-career-change-program-no-tech-background-required-at-bletchley-fellowship-4423136894?position=29&pageNum=0&refId=NBZYYso6Hnh70a8%2BbOZRVg%3D%3D&trackingId=T9mSlPM%2FEhIKXxaGeoyLLw%3D%3D,area:TI
54,2,MINIMA,nao_informado,Information Technology Specialist,US Navy,São Francisco e Região,LinkedIn,https://www.linkedin.com/jobs/view/information-technology-specialist-at-us-navy-4413809938?position=30&pageNum=0&refId=NBZYYso6Hnh70a8%2BbOZRVg%3D%3D&trackingId=%2B%2BRQ1%2FKZlfXnwhYdTlC%2BNQ%3D%3D,area:TI
55,2,MINIMA,estagiario,Techzone Technician Trainee,Associated Students UCLA,"Los Angeles, Califórnia, Estados Unidos",LinkedIn,https://www.linkedin.com/jobs/view/techzone-technician-trainee-at-associated-students-ucla-4377062657?position=34&pageNum=0&refId=NBZYYso6Hnh70a8%2BbOZRVg%3D%3D&trackingId=0%2BPqpbKilw15AdTx0KA4bw%3D%3D,nivel:estagiario
56,2,MINIMA,nao_informado,Software Engineering Apprentice,Allied Benefit Systems,"Chicago, Ilinóis, Estados Unidos",LinkedIn,https://www.linkedin.com/jobs/view/software-engineering-apprentice-at-allied-benefit-systems-4406683530?position=36&pageNum=0&refId=NBZYYso6Hnh70a8%2BbOZRVg%3D%3D&trackingId=qP44B8FYhbi5kgYCynsK9A%3D%3D,area:TI
57,2,MINIMA,nao_informado,Work Based Learning Program Data Center Operations Technician,Amazon Web Services (AWS),"Óregon, Estados Unidos",LinkedIn,https://www.linkedin.com/jobs/view/work-based-learning-program-data-center-operations-technician-at-amazon-web-services-aws-4424931438?position=37&pageNum=0&refId=NBZYYso6Hnh70a8%2BbOZRVg%3D%3D&trackingId=KHrwnZZ309Oid6dAXRmvTg%3D%3D,area:TI
58,2,MINIMA,nao_informado,Data Center Technician- Part Time,Microsoft,Estados Unidos,LinkedIn,https://www.linkedin.com/jobs/view/data-center-technician-part-time-at-microsoft-4417719476?position=39&pageNum=0&refId=NBZYYso6Hnh70a8%2BbOZRVg%3D%3D&trackingId=SraGf016wIHNLnUXjBUDqQ%3D%3D,area:TI
59,2,MINIMA,nao_informado,Student Technical Support Specialist (Part-Time),A Igreja de Jesus Cristo dos Santos dos Últimos Dias,"Salt Lake City, Utah, Estados Unidos",LinkedIn,https://www.linkedin.com/jobs/view/student-technical-support-specialist-part-time-at-a-igreja-de-jesus-cristo-dos-santos-dos-%C3%BAltimos-dias-4424121725?position=40&pageNum=0&refId=NBZYYso6Hnh70a8%2BbOZRVg%3D%3D&trackingId=Ozc2sJlVqkTOQY%2Fo2CXqXg%3D%3D,area:TI
60,2,MINIMA,nao_informado,Information Technology Intern,ServiceSource,"Oakton, Virgínia, Estados Unidos",LinkedIn,https://www.linkedin.com/jobs/view/information-technology-intern-at-servicesource-4407212152?position=48&pageNum=0&refId=NBZYYso6Hnh70a8%2BbOZRVg%3D%3D&trackingId=5do3D8051C%2FzLBXa28NdGg%3D%3D,area:TI
61,2,MINIMA,estagiario,Programa Jovem Aprendiz - Rio Verde I GO,MBRF,"Rio Verde, Arizona, Estados Unidos",LinkedIn,https://www.linkedin.com/jobs/view/programa-jovem-aprendiz-rio-verde-i-go-at-mbrf-4377480283?position=51&pageNum=0&refId=NBZYYso6Hnh70a8%2BbOZRVg%3D%3D&trackingId=jsJxbN6pMnwkXZi4sYbTEA%3D%3D,nivel:estagiario
62,2,MINIMA,nao_informado,Accelerated Software Engineer Apprenticeship - Bletchley Fellowship,Flatiron School,Estados Unidos,LinkedIn,https://www.linkedin.com/jobs/view/accelerated-software-engineer-apprenticeship-bletchley-fellowship-at-flatiron-school-4421179454?position=52&pageNum=0&refId=NBZYYso6Hnh70a8%2BbOZRVg%3D%3D&trackingId=GQJbz%2FvNuHbdLnCpoSK3yw%3D%3D,area:TI
63,2,MINIMA,pleno,Application Developer (Current students and those seeking entry level role) (Part Time),Loudoun County Public Schools,"Leesburg, Virgínia, Estados Unidos",LinkedIn,https://www.linkedin.com/jobs/view/application-developer-current-students-and-those-seeking-entry-level-role-part-time-at-loudoun-county-public-schools-4416830947?position=53&pageNum=0&refId=NBZYYso6Hnh70a8%2BbOZRVg%3D%3D&trackingId=V%2F9lLbEXZfgGPp1nzP3zOw%3D%3D,area:TI
64,2,MINIMA,nao_informado,Work Based Learning Program Data Center Operations Technician,Amazon Web Services (AWS),"Umatilla, Óregon, Estados Unidos",LinkedIn,https://www.linkedin.com/jobs/view/work-based-learning-program-data-center-operations-technician-at-amazon-web-services-aws-4372990454?position=55&pageNum=0&refId=NBZYYso6Hnh70a8%2BbOZRVg%3D%3D&trackingId=HCtw6sTrb5faXgBsThZDZQ%3D%3D,area:TI
65,2,MINIMA,nao_informado,IT Support Technician - Tier 1,ServingSchools,"Farmington, Maine, Estados Unidos",LinkedIn,https://www.linkedin.com/jobs/view/it-support-technician-tier-1-at-servingschools-4427037673?position=60&pageNum=0&refId=NBZYYso6Hnh70a8%2BbOZRVg%3D%3D&trackingId=FZN1yGp9zrnMJhbJWAHQ1g%3D%3D,area:TI
66,2,MINIMA,nao_informado,Especialista emSuporteTécnico,Nao informado,Nao informado,Vagas.com,https://www.vagas.com.br/vagas/v2804543/especialista-em-suporte-tecnico,suporte*; tecnico*
67,2,MINIMA,nao_informado,Engenheiro(a) deSuporteTécnico,Nao informado,Nao informado,Vagas.com,https://www.vagas.com.br/vagas/v2815354/engenheiro-a-de-suporte-tecnico,suporte*; tecnico*
68,2,MINIMA,nao_informado,Assistente deSuporteTécnico,Nao informado,Nao informado,Vagas.com,https://www.vagas.com.br/vagas/v2818390/assistente-de-suporte-tecnico,suporte*; tecnico*
69,2,MINIMA,nao_informado,TécnicodeSuporteN1 - Field Service,Nao informado,Nao informado,Vagas.com,https://www.vagas.com.br/vagas/v2816740/tecnico-de-suporte-n1-field-service,suporte*; tecnico*
70,2,MINIMA,junior,Operador(a) deSuporteTécnicoMonitoramento Jr,Nao informado,Nao informado,Vagas.com,https://www.vagas.com.br/vagas/v2819810/operador-a-de-suporte-tecnico-monitoramento-jr,suporte*; tecnico*
71,2,MINIMA,nao_informado,Tier I Technician,DMI,Estados Unidos,LinkedIn,https://www.linkedin.com/jobs/view/tier-i-technician-at-dmi-4420991670?position=2&pageNum=0&refId=s8q%2BYKbe3dCSE7DhiO9Bzg%3D%3D&trackingId=W17o2rlgCdc2ftxrCoRMrg%3D%3D,area:TI
72,2,MINIMA,nao_informado,IT Support Representative,Patten Title Company,"Houston, Texas, Estados Unidos",LinkedIn,https://www.linkedin.com/jobs/view/it-support-representative-at-patten-title-company-4415111706?position=13&pageNum=0&refId=s8q%2BYKbe3dCSE7DhiO9Bzg%3D%3D&trackingId=a%2BB9GOoGtidFFQ09DLzUzw%3D%3D,area:TI
73,2,MINIMA,nao_informado,Remote Desktop Support Representative,Talentoma,"Texas, Estados Unidos",LinkedIn,https://www.linkedin.com/jobs/view/remote-desktop-support-representative-at-talentoma-4424671821?position=15&pageNum=0&refId=s8q%2BYKbe3dCSE7DhiO9Bzg%3D%3D&trackingId=qNm5lLiZIb3Z%2B%2BYbG8PUYQ%3D%3D,area:TI
74,2,MINIMA,nao_informado,"Technical Support Technician, Tier 2",Metropolis Technologies,"Chicago, Ilinóis, Estados Unidos",LinkedIn,https://www.linkedin.com/jobs/view/technical-support-technician-tier-2-at-metropolis-technologies-4420975217?position=16&pageNum=0&refId=s8q%2BYKbe3dCSE7DhiO9Bzg%3D%3D&trackingId=YFLb%2FJoptw2VDLuYsaeHlQ%3D%3D,area:TI
75,2,MINIMA,nao_informado,IT Support Representative,Patten Title Company,"Austin, Texas, Estados Unidos",LinkedIn,https://www.linkedin.com/jobs/view/it-support-representative-at-patten-title-company-4415118605?position=20&pageNum=0&refId=s8q%2BYKbe3dCSE7DhiO9Bzg%3D%3D&trackingId=QXAPDqEkUW4W4fqRVY0S4g%3D%3D,area:TI
76,2,MINIMA,nao_informado,Technical Support Analyst (Tier 2),"GCS Technologies, Inc.","Austin, Texas, Estados Unidos",LinkedIn,https://www.linkedin.com/jobs/view/technical-support-analyst-tier-2-at-gcs-technologies-inc-4425493252?position=26&pageNum=0&refId=s8q%2BYKbe3dCSE7DhiO9Bzg%3D%3D&trackingId=NTB0S2cTAfMi%2FQ3AIOXQhg%3D%3D,area:TI
77,2,MINIMA,nao_informado,Tier 1 Technician (LAK),IT Voice,"Lakeland, Flórida, Estados Unidos",LinkedIn,https://www.linkedin.com/jobs/view/tier-1-technician-lak-at-it-voice-4406567577?position=28&pageNum=0&refId=s8q%2BYKbe3dCSE7DhiO9Bzg%3D%3D&trackingId=6H8Q9IeCPKpwAoc3Zw5YmA%3D%3D,area:TI
78,2,MINIMA,nao_informado,Technical Support Representative I,KnowledgeLake,St. Louis,LinkedIn,https://www.linkedin.com/jobs/view/technical-support-representative-i-at-knowledgelake-4426145908?position=31&pageNum=0&refId=s8q%2BYKbe3dCSE7DhiO9Bzg%3D%3D&trackingId=diwxw6s0ZrHfGCDWtEn4FA%3D%3D,area:TI
79,2,MINIMA,nao_informado,Technology Support Representative II,Domino's,"Ann Arbor, Michigan, Estados Unidos",LinkedIn,https://www.linkedin.com/jobs/view/technology-support-representative-ii-at-domino-s-4423134707?position=42&pageNum=0&refId=s8q%2BYKbe3dCSE7DhiO9Bzg%3D%3D&trackingId=s%2B9%2BY632bfXgp6%2B31ucidw%3D%3D,area:TI
80,2,MINIMA,nao_informado,Technical Support Representative,EBSCO Information Services,Estados Unidos,LinkedIn,https://www.linkedin.com/jobs/view/technical-support-representative-at-ebsco-information-services-4418042319?position=51&pageNum=0&refId=s8q%2BYKbe3dCSE7DhiO9Bzg%3D%3D&trackingId=A16GZz20sRb%2B8jDggK5Gdg%3D%3D,area:TI
81,2,MINIMA,nao_informado,Technical Support Representative,Innovativ Pharma,"Lakeland, Flórida, Estados Unidos",LinkedIn,https://www.linkedin.com/jobs/view/technical-support-representative-at-innovativ-pharma-4392935083?position=54&pageNum=0&refId=s8q%2BYKbe3dCSE7DhiO9Bzg%3D%3D&trackingId=nGJyc1AfO6teX8K6lm676w%3D%3D,area:TI
82,2,MINIMA,nao_informado,Technology Support Representative II,Domino's,"Ann Arbor, Michigan, Estados Unidos",LinkedIn,https://www.linkedin.com/jobs/view/technology-support-representative-ii-at-domino-s-4423136700?position=56&pageNum=0&refId=s8q%2BYKbe3dCSE7DhiO9Bzg%3D%3D&trackingId=a1qq9Woz2C7cGPRZPZpc6g%3D%3D,area:TI
83,1,MINIMA,nao_informado,11254 - Analista deSuporteN2,Nao informado,100% Home Office,Vagas.com,https://www.vagas.com.br/vagas/v2817622/11254-analista-de-suporte-n2,suporte*
84,1,MINIMA,junior,Analista deSuporteJúnior,Nao informado,Nao informado,Vagas.com,https://www.vagas.com.br/vagas/v2816835/analista-de-suporte-junior,suporte*
85,1,MINIMA,nao_informado,Assistente deSuporteao Cliente,Nao informado,Nao informado,Vagas.com,https://www.vagas.com.br/vagas/v2810504/assistente-de-suporte-ao-cliente,suporte*
86,1,MINIMA,nao_informado,Analista deSuporteAcadêmico,Nao informado,Nao informado,Vagas.com,https://www.vagas.com.br/vagas/v2814900/analista-de-suporte-academico,suporte*
87,1,MINIMA,nao_informado,Assistente deSuporteao Cliente,Nao informado,Nao informado,Vagas.com,https://www.vagas.com.br/vagas/v2817302/assistente-de-suporte-ao-cliente,suporte*
88,1,MINIMA,nao_informado,Analista de Infraestrutura/Suporte,Nao informado,Nao informado,Vagas.com,https://www.vagas.com.br/vagas/v2815622/analista-de-infraestrutura-suporte,suporte*
89,1,MINIMA,nao_informado,Analista deSuporte(Folha de Pagamento),Nao informado,Nao informado,Vagas.com,https://www.vagas.com.br/vagas/v2818855/analista-de-suporte-folha-de-pagamento,suporte*
90,1,MINIMA,nao_informado,Analista deSuporte(Folha de Pagamento),Nao informado,Nao informado,Vagas.com,https://www.vagas.com.br/vagas/v2818858/analista-de-suporte-folha-de-pagamento,suporte*
91,1,MINIMA,nao_informado,Assistente deSuporteComercial  - Moema,Nao informado,Nao informado,Vagas.com,https://www.vagas.com.br/vagas/v2818570/assistente-de-suporte-comercial-moema,suporte*
92,1,MINIMA,junior,Analista de Operações Jr (SuporteJurídico e Ouvidoria),Nao informado,Nao informado,Vagas.com,https://www.vagas.com.br/vagas/v2803037/analista-de-operacoes-jr-suporte-juridico-e-ouvidoria,suporte*
93,1,MINIMA,nao_informado,Analista deSuporte(fiscal/ Contábil Ou Folha de Pagamento),Nao informado,Nao informado,Vagas.com,https://www.vagas.com.br/vagas/v2818860/analista-de-suporte-fiscal-contabil-ou-folha-de-pagamento,suporte*
94,1,MINIMA,nao_informado,AnalistaSuporte(fiscal/ Contábil Ou Folha de Pagamento),Nao informado,Nao informado,Vagas.com,https://www.vagas.com.br/vagas/v2818859/analista-suporte-fiscal-contabil-ou-folha-de-pagamento,suporte*
95,1,MINIMA,nao_informado,Pessoa AnalistaSuporteOperações I - Exclusiva Pcd,Nao informado,Nao informado,Vagas.com,https://www.vagas.com.br/vagas/v2819499/pessoa-analista-suporte-operacoes-i-exclusiva-pcd,suporte*
96,1,MINIMA,junior,Analista deSuporteJr (Mesa de Ajuda) | Espanhol Bilíngue,Nao informado,Nao informado,Vagas.com,https://www.vagas.com.br/vagas/v2816836/analista-de-suporte-jr-mesa-de-ajuda-espanhol-bilingue,suporte*
97,1,MINIMA,nao_informado,Assistente deSuportede Auditoria | Campinas/SP e  Recife/PE,Nao informado,Nao informado,Vagas.com,https://www.vagas.com.br/vagas/v2814305/assistente-de-suporte-de-auditoria-campinas-sp-e-recife-pe,suporte*
98,1,MINIMA,nao_informado,SuporteProdução - Laboratório Dle - Vaga Exclusiva para Pcd,Nao informado,Nao informado,Vagas.com,https://www.vagas.com.br/vagas/v2815785/suporte-producao-laboratorio-dle-vaga-exclusiva-para-pcd,suporte*
99,1,MINIMA,senior,TécnicoSênior,Nao informado,Nao informado,Vagas.com,https://www.vagas.com.br/vagas/v2815915/tecnico-senior,tecnico*
100,1,MINIMA,pleno,TécnicoMecatrônico Pl,Nao informado,Nao informado,Vagas.com,https://www.vagas.com.br/vagas/v2812938/tecnico-mecatronico-pl,tecnico*
101,1,MINIMA,nao_informado,Técnicode Manutenção,Nao informado,Nao informado,Vagas.com,https://www.vagas.com.br/vagas/v2816992/tecnico-de-manutencao,tecnico*
102,1,MINIMA,nao_informado,TécnicoEngenharia,Nao informado,Nao informado,Vagas.com,https://www.vagas.com.br/vagas/v2819759/tecnico-engenharia,tecnico*
103,1,MINIMA,nao_informado,Técnico(a) de Farmácia,Nao informado,Nao informado,Vagas.com,https://www.vagas.com.br/vagas/v2814667/tecnico-a-de-farmacia,tecnico*
104,1,MINIMA,nao_informado,Técnicode Farmácia,Nao informado,Nao informado,Vagas.com,https://www.vagas.com.br/vagas/v2812489/tecnico-de-farmacia,tecnico*
105,1,MINIMA,nao_informado,TecnicoEngenharia,Nao informado,Nao informado,Vagas.com,https://www.vagas.com.br/vagas/v2816240/tecnico-engenharia,tecnico*
106,1,MINIMA,nao_informado,Técnico(a) em Eletrônica,Nao informado,Nao informado,Vagas.com,https://www.vagas.com.br/vagas/v2814848/tecnico-a-em-eletronica,tecnico*
107,1,MINIMA,nao_informado,Tecnicode Campo V027346,Nao informado,Nao informado,Vagas.com,https://www.vagas.com.br/vagas/v2815758/tecnico-de-campo-v027346,tecnico*
108,1,MINIMA,nao_informado,Técnico(a) de Produção - 110977,Nao informado,Nao informado,Vagas.com,https://www.vagas.com.br/vagas/v2815844/tecnico-a-de-producao-110977,tecnico*
109,1,MINIMA,pleno,Técnicode Manutenção Pleno,Nao informado,Nao informado,Vagas.com,https://www.vagas.com.br/vagas/v2817931/tecnico-de-manutencao-pleno,tecnico*
110,1,MINIMA,nao_informado,AssistenteTécnico,Nao informado,Nao informado,Vagas.com,https://www.vagas.com.br/vagas/v2814123/assistente-tecnico,tecnico*
111,0,MINIMA,nao_informado,Desktop Support – Level 1 Technician (MAC-D),ABI RESOURCES,"Nova York, Nova York, Estados Unidos",LinkedIn,https://www.linkedin.com/jobs/view/desktop-support-%E2%80%93-level-1-technician-mac-d-at-abi-resources-4418978002?position=14&pageNum=0&refId=NBZYYso6Hnh70a8%2BbOZRVg%3D%3D&trackingId=vbjaCVwFHrag02FA1N%2FZ1A%3D%3D,
112,0,MINIMA,nao_informado,Intern - IT,Goodwill Industries of South Florida,"Miami, Flórida, Estados Unidos",LinkedIn,https://www.linkedin.com/jobs/view/intern-it-at-goodwill-industries-of-south-florida-4424257738?position=15&pageNum=0&refId=NBZYYso6Hnh70a8%2BbOZRVg%3D%3D&trackingId=2Zfg8KvCmnaI6yBX%2BQ4Xtg%3D%3D,
113,0,MINIMA,nao_informado,IT Helpdesk Technician,Prime Communications,"Sugar Land, Texas, Estados Unidos",LinkedIn,https://www.linkedin.com/jobs/view/it-helpdesk-technician-at-prime-communications-4421226600?position=19&pageNum=0&refId=NBZYYso6Hnh70a8%2BbOZRVg%3D%3D&trackingId=hfxRbSbYzaa2WoG11zgtuQ%3D%3D,
114,0,MINIMA,nao_informado,IT Support Tech,Jabil,"São Petersburgo, Flórida, Estados Unidos",LinkedIn,https://www.linkedin.com/jobs/view/it-support-tech-at-jabil-4406224434?position=21&pageNum=0&refId=NBZYYso6Hnh70a8%2BbOZRVg%3D%3D&trackingId=nBwOnp5n%2FnCrPPNVeaXSvw%3D%3D,
115,0,MINIMA,nao_informado,IT Support Agent,WheelHouse IT,"Fort Lauderdale, Flórida, Estados Unidos",LinkedIn,https://www.linkedin.com/jobs/view/it-support-agent-at-wheelhouse-it-4400193924?position=23&pageNum=0&refId=NBZYYso6Hnh70a8%2BbOZRVg%3D%3D&trackingId=uJX06SrJBIOroH%2BQ9xDu%2FA%3D%3D,
116,0,MINIMA,nao_informado,IT OPS Intern,New York City Department of Consumer and Worker Protection,Nova Iorque e Região,LinkedIn,https://www.linkedin.com/jobs/view/it-ops-intern-at-new-york-city-department-of-consumer-and-worker-protection-4413581809?position=25&pageNum=0&refId=NBZYYso6Hnh70a8%2BbOZRVg%3D%3D&trackingId=CiDh%2FUlJYEI4MjJBYBd2CQ%3D%3D,
117,0,MINIMA,nao_informado,Remote IT Help Desk Associate,Talentoma,"Nova York, Estados Unidos",LinkedIn,https://www.linkedin.com/jobs/view/remote-it-help-desk-associate-at-talentoma-4424672493?position=27&pageNum=0&refId=NBZYYso6Hnh70a8%2BbOZRVg%3D%3D&trackingId=fwFWXmPhUHbJO%2Bx9wCqRrA%3D%3D,
118,0,MINIMA,nao_informado,Graduate Training Program,Black Box,"Plano, Texas, Estados Unidos",LinkedIn,https://www.linkedin.com/jobs/view/graduate-training-program-at-black-box-4399397181?position=28&pageNum=0&refId=NBZYYso6Hnh70a8%2BbOZRVg%3D%3D&trackingId=wElDrbB8Wcpop%2F8dDzpEQw%3D%3D,
119,0,MINIMA,nao_informado,IT Internship,CAMPBELL COMPANIES,"Salt Lake City, Utah, Estados Unidos",LinkedIn,https://www.linkedin.com/jobs/view/it-internship-at-campbell-companies-4422652864?position=31&pageNum=0&refId=NBZYYso6Hnh70a8%2BbOZRVg%3D%3D&trackingId=paGU5aJHgZXYCK0ZoSo4aw%3D%3D,
120,0,MINIMA,nao_informado,Technology Intern,BWBR,"Saint Paul, Minesota, Estados Unidos",LinkedIn,https://www.linkedin.com/jobs/view/technology-intern-at-bwbr-4400601574?position=32&pageNum=0&refId=NBZYYso6Hnh70a8%2BbOZRVg%3D%3D&trackingId=UECs3GTCuC2PbGQBUJ0%2B1w%3D%3D,
121,0,MINIMA,nao_informado,IT Internship,Wheeler Machinery Co.,"West Valley City, Utah, Estados Unidos",LinkedIn,https://www.linkedin.com/jobs/view/it-internship-at-wheeler-machinery-co-4422689597?position=33&pageNum=0&refId=NBZYYso6Hnh70a8%2BbOZRVg%3D%3D&trackingId=DbqRdFeqh%2Bc8bHMMmlx4lw%3D%3D,
122,0,MINIMA,nao_informado,Remote IT Support Assistant,Talentoma,"Nova York, Estados Unidos",LinkedIn,https://www.linkedin.com/jobs/view/remote-it-support-assistant-at-talentoma-4424689317?position=35&pageNum=0&refId=NBZYYso6Hnh70a8%2BbOZRVg%3D%3D&trackingId=3ym9fhpF%2Fuagf0ppCkE5Yw%3D%3D,
123,0,MINIMA,nao_informado,Technology Support Intern,Wayzata Public Schools,"Mineápolis, Minesota, Estados Unidos",LinkedIn,https://www.linkedin.com/jobs/view/technology-support-intern-at-wayzata-public-schools-4426348351?position=38&pageNum=0&refId=NBZYYso6Hnh70a8%2BbOZRVg%3D%3D&trackingId=mDQeHgPM7EvpOSho4TORuQ%3D%3D,
124,0,MINIMA,nao_informado,Personal Computer Support Technician - High School Intern,Leidos,"Baltimore, Maryland, Estados Unidos",LinkedIn,https://www.linkedin.com/jobs/view/personal-computer-support-technician-high-school-intern-at-leidos-4420192398?position=41&pageNum=0&refId=NBZYYso6Hnh70a8%2BbOZRVg%3D%3D&trackingId=YtiCL9tAQa1RpB21ZrwefA%3D%3D,
125,0,MINIMA,nao_informado,Desktop Support Technician,University of Miami,"Coral Gables, Flórida, Estados Unidos",LinkedIn,https://www.linkedin.com/jobs/view/desktop-support-technician-at-university-of-miami-4421213788?position=42&pageNum=0&refId=NBZYYso6Hnh70a8%2BbOZRVg%3D%3D&trackingId=s%2FQlsI8v%2FMIyP3fYf1aenA%3D%3D,
126,0,MINIMA,junior,Junior IT Technician,CNR Technologies,"Woodstock, Geórgia, Estados Unidos",LinkedIn,https://www.linkedin.com/jobs/view/junior-it-technician-at-cnr-technologies-4410374936?position=43&pageNum=0&refId=NBZYYso6Hnh70a8%2BbOZRVg%3D%3D&trackingId=coBY9m7V7QDZyFonyACkDQ%3D%3D,
127,0,MINIMA,nao_informado,Help Desk Technician (2026 - 2027 School Year),Tupelo Public School District,"Midland, Texas, Estados Unidos",LinkedIn,https://www.linkedin.com/jobs/view/help-desk-technician-2026-2027-school-year-at-tupelo-public-school-district-4403600854?position=45&pageNum=0&refId=NBZYYso6Hnh70a8%2BbOZRVg%3D%3D&trackingId=4zj%2Bp9V%2FnykAeHxyiBRPaQ%3D%3D,
128,0,MINIMA,nao_informado,IT Support Agent,WheelHouse IT,"Orlando, Flórida, Estados Unidos",LinkedIn,https://www.linkedin.com/jobs/view/it-support-agent-at-wheelhouse-it-4395850887?position=46&pageNum=0&refId=NBZYYso6Hnh70a8%2BbOZRVg%3D%3D&trackingId=Nl9HO1p9Soo1%2BGor3WxRKA%3D%3D,
129,0,MINIMA,nao_informado,Help Desk Technician,New Caney Independent School District,"Porter, Texas, Estados Unidos",LinkedIn,https://www.linkedin.com/jobs/view/help-desk-technician-at-new-caney-independent-school-district-4425971524?position=47&pageNum=0&refId=NBZYYso6Hnh70a8%2BbOZRVg%3D%3D&trackingId=j%2BR7%2B46T%2FHwBkRiXlWw13Q%3D%3D,
130,0,MINIMA,nao_informado,IT Support Technician,PCS Wireless,"Miami Lakes, Flórida, Estados Unidos",LinkedIn,https://www.linkedin.com/jobs/view/it-support-technician-at-pcs-wireless-4423991521?position=50&pageNum=0&refId=NBZYYso6Hnh70a8%2BbOZRVg%3D%3D&trackingId=q%2BVk3tJIpZWklhRy%2FNyyyQ%3D%3D,
131,0,MINIMA,nao_informado,Cyber + IT Intern I - US,Rackspace Technology,"San António, Texas, Estados Unidos",LinkedIn,https://www.linkedin.com/jobs/view/cyber-%2B-it-intern-i-us-at-rackspace-technology-4414295664?position=54&pageNum=0&refId=NBZYYso6Hnh70a8%2BbOZRVg%3D%3D&trackingId=R2UdLrvhMIVZOosDVdsQdQ%3D%3D,
132,0,MINIMA,nao_informado,Computer Technician Intern (paid internship),NETSYNC,"Houston, Texas, Estados Unidos",LinkedIn,https://www.linkedin.com/jobs/view/computer-technician-intern-paid-internship-at-netsync-4413366821?position=56&pageNum=0&refId=NBZYYso6Hnh70a8%2BbOZRVg%3D%3D&trackingId=Sjh8XRCP7Ujqo40WfLougg%3D%3D,
133,0,MINIMA,nao_informado,IT Support Intern- Fall 2026,Grow Financial Federal Credit Union,Tampa e Região,LinkedIn,https://www.linkedin.com/jobs/view/it-support-intern-fall-2026-at-grow-financial-federal-credit-union-4410307606?position=57&pageNum=0&refId=NBZYYso6Hnh70a8%2BbOZRVg%3D%3D&trackingId=HXSAxsBZdJRRWDG7Lz15Gg%3D%3D,
134,0,MINIMA,nao_informado,IT Intern,SOCOTEC US,"Nova York, Nova York, Estados Unidos",LinkedIn,https://www.linkedin.com/jobs/view/it-intern-at-socotec-us-4422627076?position=58&pageNum=0&refId=NBZYYso6Hnh70a8%2BbOZRVg%3D%3D&trackingId=KOx%2FuyCWM5EwKzJTBVGz7g%3D%3D,
135,0,MINIMA,nao_informado,IT Intern,Borusan Pipe US,"Baytown, Texas, Estados Unidos",LinkedIn,https://www.linkedin.com/jobs/view/it-intern-at-borusan-pipe-us-4413944095?position=59&pageNum=0&refId=NBZYYso6Hnh70a8%2BbOZRVg%3D%3D&trackingId=XJn1%2BqypshqkThdYrcAqcg%3D%3D,
136,0,MINIMA,nao_informado,US-Genius,Apple,"Denver, Colorado, Estados Unidos",LinkedIn,https://www.linkedin.com/jobs/view/us-genius-at-apple-4414157722?position=1&pageNum=0&refId=s8q%2BYKbe3dCSE7DhiO9Bzg%3D%3D&trackingId=WL1AazLDnQUz9yrsTnvbOA%3D%3D,
137,0,MINIMA,nao_informado,Digital Support Specialist,Nymbus,"Jacksonville, Flórida, Estados Unidos",LinkedIn,https://www.linkedin.com/jobs/view/digital-support-specialist-at-nymbus-4426521673?position=3&pageNum=0&refId=s8q%2BYKbe3dCSE7DhiO9Bzg%3D%3D&trackingId=qGQZ8pH%2BhuP8ssrkH1rDUQ%3D%3D,
138,0,MINIMA,nao_informado,Technical Support Analyst,Internova Travel Group,"Nova York, Nova York, Estados Unidos",LinkedIn,https://www.linkedin.com/jobs/view/technical-support-analyst-at-internova-travel-group-4418060624?position=4&pageNum=0&refId=s8q%2BYKbe3dCSE7DhiO9Bzg%3D%3D&trackingId=p0L3CbkiC9tVITJi60Nvig%3D%3D,
139,0,MINIMA,nao_informado,Desktop Support Tech I,Netpace Inc,"Overland Park, Kansas, Estados Unidos",LinkedIn,https://www.linkedin.com/jobs/view/desktop-support-tech-i-at-netpace-inc-4298165196?position=5&pageNum=0&refId=s8q%2BYKbe3dCSE7DhiO9Bzg%3D%3D&trackingId=5PHnvck0P6Egd1UkCNNseg%3D%3D,
140,0,MINIMA,nao_informado,US-Genius,Apple,"McLean, Virgínia, Estados Unidos",LinkedIn,https://www.linkedin.com/jobs/view/us-genius-at-apple-4414170115?position=6&pageNum=0&refId=s8q%2BYKbe3dCSE7DhiO9Bzg%3D%3D&trackingId=f8ER0XL2IJ2Prpvve%2FVw8A%3D%3D,
141,0,MINIMA,nao_informado,Tech Support Specialist,Advocate,"Nova York, Nova York, Estados Unidos",LinkedIn,https://www.linkedin.com/jobs/view/tech-support-specialist-at-advocate-4337211824?position=7&pageNum=0&refId=s8q%2BYKbe3dCSE7DhiO9Bzg%3D%3D&trackingId=aSuQ2d3Qg1tjrR76Ap%2Bl6w%3D%3D,
142,0,MINIMA,nao_informado,US-Genius,Apple,"Reston, Virgínia, Estados Unidos",LinkedIn,https://www.linkedin.com/jobs/view/us-genius-at-apple-4414155768?position=8&pageNum=0&refId=s8q%2BYKbe3dCSE7DhiO9Bzg%3D%3D&trackingId=z0szAGUWfR0xLITBOJ7imA%3D%3D,
143,0,MINIMA,nao_informado,US-Genius,Apple,"Nashville, Tenessi, Estados Unidos",LinkedIn,https://www.linkedin.com/jobs/view/us-genius-at-apple-4414166447?position=9&pageNum=0&refId=s8q%2BYKbe3dCSE7DhiO9Bzg%3D%3D&trackingId=arV%2FQySS15DT59XVTQkvew%3D%3D,
144,0,MINIMA,nao_informado,Technical Support Specialist,REGAL,"Nova York, Nova York, Estados Unidos",LinkedIn,https://www.linkedin.com/jobs/view/technical-support-specialist-at-regal-4419460325?position=10&pageNum=0&refId=s8q%2BYKbe3dCSE7DhiO9Bzg%3D%3D&trackingId=GbJhsNK2D3m6krZaOILg2Q%3D%3D,
145,0,MINIMA,nao_informado,Technical Support Analyst,Internova Travel Group,"Beverly Hills, Califórnia, Estados Unidos",LinkedIn,https://www.linkedin.com/jobs/view/technical-support-analyst-at-internova-travel-group-4397409246?position=11&pageNum=0&refId=s8q%2BYKbe3dCSE7DhiO9Bzg%3D%3D&trackingId=HgaqeGxnkmc61DWczGG6Sg%3D%3D,
146,0,MINIMA,nao_informado,Tech Support Specialist,Advocate,"San Francisco, Califórnia, Estados Unidos",LinkedIn,https://www.linkedin.com/jobs/view/tech-support-specialist-at-advocate-4337072259?position=12&pageNum=0&refId=s8q%2BYKbe3dCSE7DhiO9Bzg%3D%3D&trackingId=PIJ7aYnsejqZA7WVd8cQzQ%3D%3D,
147,0,MINIMA,nao_informado,Service Desk Technician,Dynamix,"Nova York, Estados Unidos",LinkedIn,https://www.linkedin.com/jobs/view/service-desk-technician-at-dynamix-4340286296?position=14&pageNum=0&refId=s8q%2BYKbe3dCSE7DhiO9Bzg%3D%3D&trackingId=5vqTeBm1zHgW0k0qgDVEUA%3D%3D,
148,0,MINIMA,nao_informado,Technical Support Specialist,Tesla,"Henderson, Nevada, Estados Unidos",LinkedIn,https://www.linkedin.com/jobs/view/technical-support-specialist-at-tesla-4420219602?position=17&pageNum=0&refId=s8q%2BYKbe3dCSE7DhiO9Bzg%3D%3D&trackingId=UP%2B4lFWl7RM5kxh2Sksxog%3D%3D,
149,0,MINIMA,nao_informado,Technical Support Analyst,CloudShare,"Denver, Colorado, Estados Unidos",LinkedIn,https://www.linkedin.com/jobs/view/technical-support-analyst-at-cloudshare-4422952071?position=18&pageNum=0&refId=s8q%2BYKbe3dCSE7DhiO9Bzg%3D%3D&trackingId=6Q7IaCoCJd7XJB7q4glzzw%3D%3D,
150,0,MINIMA,nao_informado,Technical Support Analyst,Quilt Software,"Charlotte, Carolina do Norte, Estados Unidos",LinkedIn,https://www.linkedin.com/jobs/view/technical-support-analyst-at-quilt-software-4414622195?position=19&pageNum=0&refId=s8q%2BYKbe3dCSE7DhiO9Bzg%3D%3D&trackingId=HzUzkQj%2Flm%2FclvqILkH2CQ%3D%3D,
151,0,MINIMA,nao_informado,US-Genius,Apple,"Richmond, Virgínia, Estados Unidos",LinkedIn,https://www.linkedin.com/jobs/view/us-genius-at-apple-4414150960?position=21&pageNum=0&refId=s8q%2BYKbe3dCSE7DhiO9Bzg%3D%3D&trackingId=kvmQX4w6klWiFfYKtg31tw%3D%3D,
152,0,MINIMA,nao_informado,"Support Specialist, Contract",Handshake,Estados Unidos,LinkedIn,https://www.linkedin.com/jobs/view/support-specialist-contract-at-handshake-4371647997?position=22&pageNum=0&refId=s8q%2BYKbe3dCSE7DhiO9Bzg%3D%3D&trackingId=rKQF5RNV%2B8SPt5g1HRNGJQ%3D%3D,
153,0,MINIMA,nao_informado,US-Genius,Apple,"Woodbridge, Virgínia, Estados Unidos",LinkedIn,https://www.linkedin.com/jobs/view/us-genius-at-apple-4414150948?position=23&pageNum=0&refId=s8q%2BYKbe3dCSE7DhiO9Bzg%3D%3D&trackingId=nZdMDCxxCWqGse9clr6Qfw%3D%3D,
154,0,MINIMA,nao_informado,Help Desk Support Services Specialist,MANTECH,Estados Unidos,LinkedIn,https://www.linkedin.com/jobs/view/help-desk-support-services-specialist-at-mantech-4406414504?position=24&pageNum=0&refId=s8q%2BYKbe3dCSE7DhiO9Bzg%3D%3D&trackingId=VfvH66PV5yJ4Cek0BuvpOg%3D%3D,
155,0,MINIMA,nao_informado,Technical Support Specialist,TheraDriver,Estados Unidos,LinkedIn,https://www.linkedin.com/jobs/view/technical-support-specialist-at-theradriver-4404300747?position=25&pageNum=0&refId=s8q%2BYKbe3dCSE7DhiO9Bzg%3D%3D&trackingId=keCRjMfgWo9l3WeUQqprOA%3D%3D,
156,0,MINIMA,nao_informado,CORE Support Specialist I,Switch,Las Vegas e Região,LinkedIn,https://www.linkedin.com/jobs/view/core-support-specialist-i-at-switch-4403241363?position=27&pageNum=0&refId=s8q%2BYKbe3dCSE7DhiO9Bzg%3D%3D&trackingId=D8HvBxkFrPrVa8QSn4g8TA%3D%3D,
157,0,MINIMA,nao_informado,Product Support Specialist,"Relocity, Inc.",Estados Unidos,LinkedIn,https://www.linkedin.com/jobs/view/product-support-specialist-at-relocity-inc-4426365915?position=29&pageNum=0&refId=s8q%2BYKbe3dCSE7DhiO9Bzg%3D%3D&trackingId=he1ScIJBDmEEinTVdwcLGA%3D%3D,
158,0,MINIMA,nao_informado,US-Genius,Apple,"Fairfax, Virgínia, Estados Unidos",LinkedIn,https://www.linkedin.com/jobs/view/us-genius-at-apple-4415979927?position=30&pageNum=0&refId=s8q%2BYKbe3dCSE7DhiO9Bzg%3D%3D&trackingId=OVARHA7PYOh3NOrwP2IwNQ%3D%3D,
159,0,MINIMA,senior,Senior IT Support Administrator,WB Engineers+Consultants,"Nova York, Nova York, Estados Unidos",LinkedIn,https://www.linkedin.com/jobs/view/senior-it-support-administrator-at-wb-engineers%2Bconsultants-4408870798?position=32&pageNum=0&refId=s8q%2BYKbe3dCSE7DhiO9Bzg%3D%3D&trackingId=NOfL7w7AhA6n84d4KYJMJA%3D%3D,
160,0,MINIMA,nao_informado,Technical Support Specialist,The Bexar Company,"Dallas, Texas, Estados Unidos",LinkedIn,https://www.linkedin.com/jobs/view/technical-support-specialist-at-the-bexar-company-4425640291?position=33&pageNum=0&refId=s8q%2BYKbe3dCSE7DhiO9Bzg%3D%3D&trackingId=pGlATn3grvBhXnr%2FE4PnnQ%3D%3D,
161,0,MINIMA,nao_informado,Technical Support Specialist,Insight Global,"Washington, Distrito de Colúmbia, Estados Unidos",LinkedIn,https://www.linkedin.com/jobs/view/technical-support-specialist-at-insight-global-4424465859?position=34&pageNum=0&refId=s8q%2BYKbe3dCSE7DhiO9Bzg%3D%3D&trackingId=%2BA0JM20Jtg35iTZ2NVSszQ%3D%3D,
162,0,MINIMA,nao_informado,Technical Support Analyst I,City of Delray Beach,"Delray Beach, Flórida, Estados Unidos",LinkedIn,https://www.linkedin.com/jobs/view/technical-support-analyst-i-at-city-of-delray-beach-4421168645?position=35&pageNum=0&refId=s8q%2BYKbe3dCSE7DhiO9Bzg%3D%3D&trackingId=hV7cbqFCsj17VZV9cNaRrw%3D%3D,
163,0,MINIMA,nao_informado,Technical Support Specialist,Odoo,São Francisco e Região,LinkedIn,https://www.linkedin.com/jobs/view/technical-support-specialist-at-odoo-4425550373?position=36&pageNum=0&refId=s8q%2BYKbe3dCSE7DhiO9Bzg%3D%3D&trackingId=SU4N18iSZ71%2FsRozHCvyzw%3D%3D,
164,0,MINIMA,nao_informado,Deskside Technician I,Stefanini North America and APAC,"Charlotte, Carolina do Norte, Estados Unidos",LinkedIn,https://www.linkedin.com/jobs/view/deskside-technician-i-at-stefanini-north-america-and-apac-4421253587?position=37&pageNum=0&refId=s8q%2BYKbe3dCSE7DhiO9Bzg%3D%3D&trackingId=pPJ31%2FhyR%2F01gChDYTVDag%3D%3D,
165,0,MINIMA,nao_informado,US-Genius,Apple,"Franklin, Tenessi, Estados Unidos",LinkedIn,https://www.linkedin.com/jobs/view/us-genius-at-apple-4414169255?position=38&pageNum=0&refId=s8q%2BYKbe3dCSE7DhiO9Bzg%3D%3D&trackingId=dILK2MH1qQqzakSwpzkE%2Bg%3D%3D,
166,0,MINIMA,nao_informado,Technical Help Desk Specialist,TECEZE,"Saint Louis, Missouri, Estados Unidos",LinkedIn,https://www.linkedin.com/jobs/view/technical-help-desk-specialist-at-teceze-4423947801?position=39&pageNum=0&refId=s8q%2BYKbe3dCSE7DhiO9Bzg%3D%3D&trackingId=eZIVhfLKQLTEJ%2FpqMGEcbw%3D%3D,
167,0,MINIMA,nao_informado,Technical Support Specialist,MindSpring Partners LLC,Nova Iorque e Região,LinkedIn,https://www.linkedin.com/jobs/view/technical-support-specialist-at-mindspring-partners-llc-4424579247?position=40&pageNum=0&refId=s8q%2BYKbe3dCSE7DhiO9Bzg%3D%3D&trackingId=hdMIBhpgjc%2FJl%2BYZ3Kodkg%3D%3D,
168,0,MINIMA,nao_informado,Product Support Specialist,Freed,"San Francisco, Califórnia, Estados Unidos",LinkedIn,https://www.linkedin.com/jobs/view/product-support-specialist-at-freed-4401590832?position=41&pageNum=0&refId=s8q%2BYKbe3dCSE7DhiO9Bzg%3D%3D&trackingId=y72rVW7TArCQ05i9Zk6VNw%3D%3D,
169,0,MINIMA,nao_informado,Technical Support Analyst,IRIUM,"Wichita Falls, Texas, Estados Unidos",LinkedIn,https://www.linkedin.com/jobs/view/technical-support-analyst-at-irium-4253205026?position=43&pageNum=0&refId=s8q%2BYKbe3dCSE7DhiO9Bzg%3D%3D&trackingId=AHQtk%2FXNLAY3I%2FL0v%2Bs%2BKg%3D%3D,
170,0,MINIMA,nao_informado,Technical Support Specialist,Absorb Software,Estados Unidos,LinkedIn,https://www.linkedin.com/jobs/view/technical-support-specialist-at-absorb-software-4413331836?position=44&pageNum=0&refId=s8q%2BYKbe3dCSE7DhiO9Bzg%3D%3D&trackingId=IfMsv2%2FuzdcpNI3iI2HC6g%3D%3D,
171,0,MINIMA,nao_informado,IT Field Support Specialist,Synergy ECP,"Annapolis Junction, Maryland, Estados Unidos",LinkedIn,https://www.linkedin.com/jobs/view/it-field-support-specialist-at-synergy-ecp-4250718611?position=45&pageNum=0&refId=s8q%2BYKbe3dCSE7DhiO9Bzg%3D%3D&trackingId=hAh8I3I3oncABHkzDQANlA%3D%3D,
172,0,MINIMA,nao_informado,Support Agent I,Renaissance Learning,Estados Unidos,LinkedIn,https://www.linkedin.com/jobs/view/support-agent-i-at-renaissance-learning-4418024914?position=46&pageNum=0&refId=s8q%2BYKbe3dCSE7DhiO9Bzg%3D%3D&trackingId=b7dwKOmYRxNmKrCWNlR90A%3D%3D,
173,0,MINIMA,nao_informado,Technical Support Specialist,Shields Group Search,Estados Unidos,LinkedIn,https://www.linkedin.com/jobs/view/technical-support-specialist-at-shields-group-search-4415096414?position=47&pageNum=0&refId=s8q%2BYKbe3dCSE7DhiO9Bzg%3D%3D&trackingId=AXzIPqnOGwLoV8GIpKiTXA%3D%3D,
174,0,MINIMA,nao_informado,Technical Support Analyst,GlobalPoint,"Blackstone, Virgínia, Estados Unidos",LinkedIn,https://www.linkedin.com/jobs/view/technical-support-analyst-at-globalpoint-4384856095?position=48&pageNum=0&refId=s8q%2BYKbe3dCSE7DhiO9Bzg%3D%3D&trackingId=wAjwSVXDhUkxx0ry3GoN%2FQ%3D%3D,
175,0,MINIMA,nao_informado,Support Specialist,Robert Half,"Forsyth, Geórgia, Estados Unidos",LinkedIn,https://www.linkedin.com/jobs/view/support-specialist-at-robert-half-4426325267?position=49&pageNum=0&refId=s8q%2BYKbe3dCSE7DhiO9Bzg%3D%3D&trackingId=%2Ff3nXELuvymd50YZohuCvQ%3D%3D,
176,0,MINIMA,nao_informado,Technical Support Tech,INSPYR Solutions,"Manassas, Virgínia, Estados Unidos",LinkedIn,https://www.linkedin.com/jobs/view/technical-support-tech-at-inspyr-solutions-4414594854?position=50&pageNum=0&refId=s8q%2BYKbe3dCSE7DhiO9Bzg%3D%3D&trackingId=kp1U0queSsP%2B7wfghmiX5g%3D%3D,
177,0,MINIMA,nao_informado,Remote Tech Support Specialist,Talentoma,"Nova York, Estados Unidos",LinkedIn,https://www.linkedin.com/jobs/view/remote-tech-support-specialist-at-talentoma-4424685347?position=52&pageNum=0&refId=s8q%2BYKbe3dCSE7DhiO9Bzg%3D%3D&trackingId=UrkWetRXYlvDQiBHVuP4iA%3D%3D,
178,0,MINIMA,nao_informado,Technical Support Specialist,HealthMark Group,Estados Unidos,LinkedIn,https://www.linkedin.com/jobs/view/technical-support-specialist-at-healthmark-group-4412788058?position=53&pageNum=0&refId=s8q%2BYKbe3dCSE7DhiO9Bzg%3D%3D&trackingId=yR5aidglORZgp8jBvShNIA%3D%3D,
179,0,MINIMA,nao_informado,Technical Support Associate Analyst,"Pyramid Consulting, Inc",Estados Unidos,LinkedIn,https://www.linkedin.com/jobs/view/technical-support-associate-analyst-at-pyramid-consulting-inc-4421835986?position=55&pageNum=0&refId=s8q%2BYKbe3dCSE7DhiO9Bzg%3D%3D&trackingId=lWHYq7fali2liGIq3CdMtQ%3D%3D,
180,0,MINIMA,nao_informado,Tech Support Specialist II,Modern Family Law,"Colorado, Estados Unidos",LinkedIn,https://www.linkedin.com/jobs/view/tech-support-specialist-ii-at-modern-family-law-4420473752?position=57&pageNum=0&refId=s8q%2BYKbe3dCSE7DhiO9Bzg%3D%3D&trackingId=YeCDC5N21hpXxhWoMLalJw%3D%3D,
181,0,MINIMA,nao_informado,Technical Support Specialist,Wahsega,"Alpharetta, Geórgia, Estados Unidos",LinkedIn,https://www.linkedin.com/jobs/view/technical-support-specialist-at-wahsega-4421959848?position=58&pageNum=0&refId=s8q%2BYKbe3dCSE7DhiO9Bzg%3D%3D&trackingId=e84j%2BZl6lEwcRlTEwvPQcg%3D%3D,
182,0,MINIMA,nao_informado,Technical Support Specialist,"Solutionreach, Inc.","Utah, Estados Unidos",LinkedIn,https://www.linkedin.com/jobs/view/technical-support-specialist-at-solutionreach-inc-4423403012?position=59&pageNum=0&refId=s8q%2BYKbe3dCSE7DhiO9Bzg%3D%3D&trackingId=wqxvSB2ZBeC9ZEasz0AQ%2Fw%3D%3D,
183,0,MINIMA,nao_informado,Technical Support Specialist,The Intersect Group,"Tempe, Arizona, Estados Unidos",LinkedIn,https://www.linkedin.com/jobs/view/technical-support-specialist-at-the-intersect-group-4419099155?position=60&pageNum=0&refId=s8q%2BYKbe3dCSE7DhiO9Bzg%3D%3D&trackingId=gPcRFtb7yOuW4akonGW%2FYA%3D%3D,
